user_id,user_name,city,account_age_days,avg_monthly_txn_amt,typical_hour_min,typical_hour_max,risk_tier,last_txn_date
USR-0001,Udyati More,Chennai,1432,43197.68,8,22,MEDIUM,2023-03-17
USR-0002,Mitesh Jha,Bangalore,1653,20217.4,10,20,HIGH,2023-02-25
USR-0003,Bhavna Pillay,Delhi,1076,42591.21,10,21,HIGH,2023-02-06
USR-0004,Rehaan Pau,Mumbai,1246,46641.49,7,22,MEDIUM,2023-03-29
USR-0005,Aahana Bains,Pune,1180,38493.07,9,21,MEDIUM,2023-01-17
USR-0006,Xalak Bhakta,Kolkata,171,30257.46,10,20,HIGH,2023-03-27
USR-0007,Sai Modi,Hyderabad,1380,13560.2,8,23,LOW,2023-03-21
USR-0008,Ria Rastogi,Pune,1638,41376.43,10,23,HIGH,2023-02-23
USR-0009,Nilima Sastry,Hyderabad,307,28774.82,9,21,HIGH,2023-03-27
USR-0010,Harrison Sahni,Hyderabad,1372,21407.84,9,23,LOW,2023-01-21
USR-0011,Wakeeta Hayre,Chennai,903,32603.18,8,22,LOW,2023-02-28
USR-0012,Charita Muni,Kolkata,554,38338.75,8,22,LOW,2023-03-19
USR-0013,Darika Savant,Bangalore,593,15373.54,7,21,MEDIUM,2023-02-05
USR-0014,Anusha Lalla,Delhi,790,2150.47,9,20,MEDIUM,2023-03-25
USR-0015,Pranit Kashyap,Pune,1267,42903.11,10,22,HIGH,2023-01-23
USR-0016,Oscar Buch,Kolkata,1632,14192.79,8,20,HIGH,2023-01-12
USR-0017,Hemangini Goswami,Kolkata,365,40707.05,10,23,LOW,2023-01-27
USR-0018,Dominic Chandran,Pune,414,23325.69,7,20,MEDIUM,2023-02-23
USR-0019,Ekaraj Mangal,Kolkata,1189,10235.84,10,21,HIGH,2023-03-04
USR-0020,Rajata Bhavsar,Mumbai,962,1980.26,10,22,LOW,2023-03-08
USR-0021,Harsh Shroff,Chennai,1643,44386.98,8,22,MEDIUM,2023-03-04
USR-0022,Madhavi Pant,Chennai,1413,35804.21,7,23,LOW,2023-01-07
USR-0023,Zarna Mander,Hyderabad,578,27517.11,10,22,HIGH,2023-02-19
USR-0024,Yachana Bassi,Bangalore,1031,3971.73,7,21,MEDIUM,2023-01-03
USR-0025,Abhiram Vohra,Mumbai,873,5197.55,10,23,MEDIUM,2023-03-22
USR-0026,Jagdish Lalla,Delhi,1112,3602.33,8,23,HIGH,2023-02-09
USR-0027,Anika Sami,Bangalore,1719,8913.54,10,21,HIGH,2023-03-29
USR-0028,Nakul Sabharwal,Chennai,1542,34650.41,7,23,HIGH,2023-02-13
USR-0029,Ati Nanda,Delhi,172,44573.27,7,20,HIGH,2023-01-28
USR-0030,Yug Wali,Delhi,1195,12906.97,7,23,MEDIUM,2023-02-28
USR-0031,Nimrat Dutta,Kolkata,932,38450.11,10,21,LOW,2023-02-23
USR-0032,Pushti Jha,Mumbai,1539,5768.0,9,20,LOW,2023-03-03
USR-0033,Jason Sahni,Delhi,802,32321.92,8,22,HIGH,2023-01-16
USR-0034,Lekha Gole,Chennai,1441,42722.22,9,20,HIGH,2023-01-07
USR-0035,Ishwar Varughese,Hyderabad,947,19459.17,9,23,MEDIUM,2023-03-14
USR-0036,Ayaan Shan,Bangalore,1098,24639.96,7,21,HIGH,2023-02-22
USR-0037,Chaaya Chopra,Delhi,482,38897.69,9,20,HIGH,2023-02-27
USR-0038,Sai Pant,Chennai,1741,43173.36,10,23,MEDIUM,2023-02-27
USR-0039,Indrajit Konda,Hyderabad,189,26184.08,7,22,MEDIUM,2023-01-25
USR-0040,Anvi Sha,Chennai,841,49630.24,7,21,LOW,2023-02-13
USR-0041,Jagrati Khatri,Hyderabad,1588,37742.18,9,20,LOW,2023-03-21
USR-0042,Neelima Thaman,Chennai,265,49412.61,8,22,HIGH,2023-01-11
USR-0043,Victor Choudhry,Delhi,384,43848.82,10,20,MEDIUM,2023-02-13
USR-0044,Bhavini Dhawan,Delhi,1751,21395.27,9,21,HIGH,2023-03-27
USR-0045,Lakshmi Suresh,Hyderabad,1474,13465.48,9,23,MEDIUM,2023-01-22
USR-0046,Gaurika Anne,Pune,402,17934.41,7,22,HIGH,2023-01-09
USR-0047,Imaran Hora,Bangalore,1285,37291.97,8,23,MEDIUM,2023-03-26
USR-0048,Wriddhish Jani,Pune,579,48116.53,7,23,HIGH,2023-03-06
USR-0049,Anthony Doctor,Hyderabad,1686,23684.55,8,22,HIGH,2023-01-28
USR-0050,Dayamai Dhaliwal,Chennai,933,47422.25,9,22,LOW,2023-01-25
USR-0051,Amara Sharma,Kolkata,493,507.11,8,20,HIGH,2023-02-06
USR-0052,Harrison Nazareth,Kolkata,1232,16115.31,10,21,MEDIUM,2023-02-21
USR-0053,Jacob Sharaf,Chennai,852,12111.52,9,23,MEDIUM,2023-03-07
USR-0054,Chandran Reddy,Delhi,461,4913.54,10,21,MEDIUM,2023-01-02
USR-0055,Urmi Sur,Delhi,295,1528.17,10,23,HIGH,2023-01-19
USR-0056,Eshana Sane,Bangalore,177,7009.69,10,21,LOW,2023-03-06
USR-0057,Nidra Chaudhary,Mumbai,1516,26856.6,8,20,HIGH,2023-02-08
USR-0058,Ucchal Tella,Kolkata,388,21620.68,7,20,LOW,2023-02-27
USR-0059,Sneha Ravel,Kolkata,1325,28372.43,7,20,HIGH,2023-03-20
USR-0060,Aarnav Taneja,Hyderabad,414,37787.9,8,23,HIGH,2023-03-26
USR-0061,Alka Bahri,Kolkata,491,38338.6,10,21,MEDIUM,2023-03-16
USR-0062,Suhani Yadav,Chennai,1507,14001.06,10,23,LOW,2023-03-03
USR-0063,Rajeshri Dhingra,Chennai,1661,8373.21,10,20,HIGH,2023-02-19
USR-0064,Urmi Bandi,Hyderabad,992,13777.56,7,20,MEDIUM,2023-02-21
USR-0065,Aryan Sarin,Delhi,569,3077.87,10,20,LOW,2023-01-27
USR-0066,Hema Bal,Chennai,968,45737.05,9,21,HIGH,2023-03-23
USR-0067,Timothy Chokshi,Kolkata,628,34089.57,9,22,HIGH,2023-02-20
USR-0068,Tanvi Joshi,Delhi,1395,27254.72,8,21,LOW,2023-02-06
USR-0069,Dayamai Padmanabhan,Mumbai,1152,7952.83,9,22,MEDIUM,2023-01-25
USR-0070,Ekantika Anand,Bangalore,72,48929.12,9,23,LOW,2023-03-21
USR-0071,Jairaj Sura,Hyderabad,883,23884.86,9,23,LOW,2023-01-30
USR-0072,Warinder Sampath,Delhi,774,1871.8,7,23,HIGH,2023-01-01
USR-0073,Nimrat Butala,Bangalore,944,49875.34,9,22,MEDIUM,2023-02-23
USR-0074,Aryan Sarna,Mumbai,991,43546.66,9,23,HIGH,2023-02-03
USR-0075,Jairaj Dey,Delhi,1205,42675.41,7,23,MEDIUM,2023-01-30
USR-0076,Ayaan Bansal,Mumbai,861,28861.39,9,23,LOW,2023-02-14
USR-0077,Falguni Seth,Mumbai,1738,46263.63,7,21,LOW,2023-03-19
USR-0078,Qarin Munshi,Hyderabad,130,6724.84,8,20,LOW,2023-01-18
USR-0079,Hamsini Shukla,Kolkata,725,13937.65,10,21,LOW,2023-03-02
USR-0080,Nihal Tak,Delhi,628,28261.95,9,21,LOW,2023-01-01
USR-0081,Advaith Kala,Pune,1764,676.84,7,20,HIGH,2023-03-26
USR-0082,Girindra Issac,Chennai,1536,15316.32,10,23,MEDIUM,2023-02-11
USR-0083,Quincy Magar,Mumbai,617,10244.64,8,22,LOW,2023-01-26
USR-0084,Baljiwan Srinivas,Bangalore,1759,33177.58,10,22,HIGH,2023-01-08
USR-0085,Maanav Karnik,Mumbai,246,41248.61,9,22,MEDIUM,2023-03-28
USR-0086,Rachit Nigam,Bangalore,813,13575.1,7,23,HIGH,2023-02-23
USR-0087,Om Tak,Delhi,571,27801.9,10,21,LOW,2023-02-01
USR-0088,Chasmum Soman,Pune,965,1739.14,10,22,LOW,2023-01-31
USR-0089,Watika Saran,Hyderabad,984,31684.9,7,21,LOW,2023-02-09
USR-0090,Ekani Pandya,Pune,801,35780.09,8,22,HIGH,2023-01-31
USR-0091,Atharv Krishna,Kolkata,756,34520.43,9,21,LOW,2023-01-21
USR-0092,Oviya Mistry,Pune,695,9444.18,9,23,LOW,2023-01-22
USR-0093,Fiyaz Kurian,Chennai,1310,31864.49,9,22,LOW,2023-01-26
USR-0094,Zaid Madan,Chennai,1075,37988.84,7,20,HIGH,2023-01-07
USR-0095,Bhavani Kota,Mumbai,421,6183.69,7,21,HIGH,2023-02-19
USR-0096,Nisha Chander,Bangalore,1591,47652.68,8,22,MEDIUM,2023-02-12
USR-0097,Pratyush Hayre,Chennai,974,38155.75,7,22,MEDIUM,2023-03-28
USR-0098,Falguni Deol,Pune,1794,40873.96,8,20,MEDIUM,2023-03-03
USR-0099,Xavier Yogi,Mumbai,319,9011.84,9,21,HIGH,2023-01-16
USR-0100,Leela Jani,Pune,615,15028.68,9,22,HIGH,2023-02-15
USR-0101,Girik Jayaraman,Hyderabad,584,7258.13,7,21,MEDIUM,2023-03-05
USR-0102,Mugdha Bala,Kolkata,1343,40725.28,7,22,LOW,2023-02-28
USR-0103,Aarini Gole,Mumbai,48,38635.77,9,23,LOW,2023-02-01
USR-0104,Tanmayi Sarna,Chennai,711,49850.07,9,22,LOW,2023-01-02
USR-0105,Nachiket Chadha,Mumbai,1183,7826.07,10,20,HIGH,2023-01-25
USR-0106,Kala Chad,Hyderabad,1679,36727.13,7,22,LOW,2023-01-05
USR-0107,Irya Parikh,Mumbai,287,42227.7,9,22,HIGH,2023-02-14
USR-0108,Libni Anne,Bangalore,1115,41230.12,9,22,MEDIUM,2023-03-19
USR-0109,Umang Lal,Delhi,853,49177.06,10,20,HIGH,2023-01-26
USR-0110,Lipika Issac,Pune,722,10414.7,8,21,LOW,2023-02-28
USR-0111,Gagan Bala,Chennai,728,32044.71,8,22,HIGH,2023-03-29
USR-0112,Vasana Chaudry,Delhi,467,13366.92,7,22,LOW,2023-01-22
USR-0113,Jhalak Nagy,Chennai,624,26582.44,10,23,HIGH,2023-01-05
USR-0114,Ranveer Bala,Delhi,268,1850.05,8,20,MEDIUM,2023-01-08
USR-0115,Wazir Ganesan,Chennai,385,3673.64,7,20,MEDIUM,2023-03-15
USR-0116,Pavani Varghese,Pune,335,30310.67,9,20,HIGH,2023-03-05
USR-0117,Rachit Salvi,Delhi,1529,25370.54,7,20,MEDIUM,2023-02-19
USR-0118,Yagnesh Ratti,Hyderabad,64,42488.03,10,20,HIGH,2023-01-17
USR-0119,Yug Hayer,Pune,1311,6665.9,8,20,MEDIUM,2023-02-14
USR-0120,Jacob Majumdar,Kolkata,800,2691.71,10,20,HIGH,2023-02-06
USR-0121,Ishani Shan,Delhi,128,18991.6,9,22,HIGH,2023-03-13
USR-0122,Aadhya Wable,Bangalore,1411,17375.28,8,21,LOW,2023-01-16
USR-0123,Jatin Ravel,Kolkata,257,21953.82,7,22,LOW,2023-03-30
USR-0124,Omkaar Chahal,Kolkata,1134,14535.55,8,21,MEDIUM,2023-02-16
USR-0125,Nihal Devan,Kolkata,276,5505.59,9,21,MEDIUM,2023-02-28
USR-0126,Chatresh Chada,Hyderabad,363,3638.55,9,20,LOW,2023-01-12
USR-0127,Anay Dada,Mumbai,539,19912.89,8,23,LOW,2023-03-01
USR-0128,Omkaar Thakkar,Delhi,1301,31639.6,7,20,LOW,2023-01-04
USR-0129,Devika Manne,Pune,874,38920.16,8,21,LOW,2023-03-15
USR-0130,Kiaan Kulkarni,Pune,1610,6551.82,10,20,HIGH,2023-01-27
USR-0131,Ishita Srinivasan,Mumbai,575,5572.89,8,20,LOW,2023-01-12
USR-0132,Yashvi Mukhopadhyay,Chennai,111,49487.7,7,20,MEDIUM,2023-03-26
USR-0133,Upadhriti Kade,Pune,1320,37624.1,8,23,LOW,2023-02-02
USR-0134,Omya Chand,Kolkata,1214,38106.9,8,21,HIGH,2023-03-18
USR-0135,Siya Ahuja,Mumbai,894,12082.26,8,20,LOW,2023-03-13
USR-0136,Kashvi Dave,Mumbai,179,24849.08,9,23,HIGH,2023-02-19
USR-0137,George Chadha,Delhi,1185,10085.91,9,21,HIGH,2023-01-27
USR-0138,Nikita Aurora,Delhi,95,38387.94,8,20,HIGH,2023-01-28
USR-0139,Meghana Narain,Pune,1173,33074.21,7,23,LOW,2023-02-17
USR-0140,Faqid Om,Pune,1415,47686.32,10,23,LOW,2023-01-17
USR-0141,Oscar Randhawa,Bangalore,625,35977.66,10,23,HIGH,2023-01-24
USR-0142,Chandran Chahal,Chennai,1355,31079.48,7,20,LOW,2023-01-30
USR-0143,Rachita Tak,Pune,1766,8356.84,7,20,LOW,2023-03-05
USR-0144,Meera Kurian,Mumbai,1648,24811.13,7,21,LOW,2023-03-11
USR-0145,Samaksh Bora,Chennai,760,18023.04,7,22,MEDIUM,2023-01-24
USR-0146,Upkaar Char,Pune,1293,40916.42,9,21,LOW,2023-02-02
USR-0147,Warda Swaminathan,Delhi,602,16035.61,10,23,MEDIUM,2023-01-11
USR-0148,Jeet Sibal,Delhi,1413,38223.83,7,20,HIGH,2023-02-06
USR-0149,Nilima Subramanian,Delhi,1400,28466.24,10,21,HIGH,2023-01-23
USR-0150,Karan Natarajan,Chennai,778,19108.33,8,21,LOW,2023-03-10
USR-0151,Hredhaan Swaminathan,Pune,1553,11214.75,7,23,LOW,2023-02-27
USR-0152,Frado Jayaraman,Mumbai,1046,33691.84,8,22,HIGH,2023-03-21
USR-0153,Rishi Venkataraman,Hyderabad,361,28832.24,10,21,MEDIUM,2023-01-15
USR-0154,Anay Mohanty,Delhi,928,29517.56,8,21,HIGH,2023-01-27
USR-0155,Devansh Krishnamurthy,Delhi,1025,9487.8,8,20,MEDIUM,2023-02-20
USR-0156,Gaurangi Biswas,Chennai,31,40255.41,7,22,LOW,2023-03-06
USR-0157,Victor Bhandari,Pune,1370,18165.2,8,21,LOW,2023-03-13
USR-0158,Imaran Char,Chennai,1647,8159.11,7,21,LOW,2023-03-02
USR-0159,Samuel Sarin,Hyderabad,1069,33235.98,8,22,HIGH,2023-03-05
USR-0160,Aradhana Kothari,Delhi,1790,11363.61,9,22,LOW,2023-01-22
USR-0161,Jasmit Shenoy,Bangalore,453,12648.86,8,23,LOW,2023-03-04
USR-0162,Nihal Vig,Hyderabad,368,48934.39,8,22,LOW,2023-01-17
USR-0163,Mekhala Narang,Pune,1648,22103.96,9,23,LOW,2023-03-02
USR-0164,Liam Ray,Kolkata,1326,26580.07,7,23,LOW,2023-01-05
USR-0165,Zashil Kari,Delhi,366,35185.63,7,21,MEDIUM,2023-01-13
USR-0166,Madhav Dash,Kolkata,1290,31402.89,8,23,HIGH,2023-02-01
USR-0167,Siddharth Misra,Hyderabad,1333,1009.38,8,23,LOW,2023-01-27
USR-0168,Ethan Sarraf,Kolkata,424,8389.75,8,22,HIGH,2023-03-05
USR-0169,Radhika Sem,Hyderabad,204,4691.66,10,22,HIGH,2023-01-02
USR-0170,Gayathri Bedi,Chennai,1140,39788.17,10,20,MEDIUM,2023-03-27
USR-0171,Ayushman Bhakta,Chennai,816,33526.34,10,23,MEDIUM,2023-03-14
USR-0172,Kabir Walia,Bangalore,1249,44082.13,9,21,LOW,2023-02-27
USR-0173,Theodore Babu,Hyderabad,1199,9936.39,7,21,LOW,2023-03-12
USR-0174,Krishna Dube,Pune,1094,11064.51,8,22,MEDIUM,2023-01-06
USR-0175,Joshua Pal,Bangalore,1630,9530.02,7,20,MEDIUM,2023-01-13
USR-0176,Mahika Munshi,Kolkata,226,33148.24,9,20,HIGH,2023-02-13
USR-0177,Girindra Dyal,Kolkata,1421,41078.65,9,23,MEDIUM,2023-03-09
USR-0178,Reyansh Baral,Mumbai,1602,21462.14,8,20,LOW,2023-01-26
USR-0179,Xiti Suri,Kolkata,240,17316.2,10,21,HIGH,2023-02-26
USR-0180,Bhavika Nagar,Mumbai,1180,41911.65,9,21,HIGH,2023-03-03
USR-0181,Riya Batra,Hyderabad,654,49279.95,7,22,HIGH,2023-03-05
USR-0182,Ubika Datta,Bangalore,291,15117.32,10,22,LOW,2023-02-17
USR-0183,Mohini Pai,Bangalore,1352,23633.1,9,23,HIGH,2023-01-22
USR-0184,Brinda Khurana,Hyderabad,1173,11331.88,9,23,HIGH,2023-02-17
USR-0185,Warinder Kala,Mumbai,225,36241.23,10,23,MEDIUM,2023-01-29
USR-0186,Jeremiah Puri,Kolkata,1137,42490.84,10,23,HIGH,2023-01-27
USR-0187,Dalaja Salvi,Chennai,1199,45082.04,10,23,HIGH,2023-01-24
USR-0188,Mahika Andra,Bangalore,278,10296.66,8,22,HIGH,2023-01-18
USR-0189,Aadi Kothari,Pune,1675,38218.22,9,21,MEDIUM,2023-03-30
USR-0190,Yashasvi Bora,Hyderabad,224,5130.37,9,22,HIGH,2023-01-26
USR-0191,Wakeeta Chakrabarti,Delhi,1461,34647.97,9,23,HIGH,2023-03-15
USR-0192,Madhav Panchal,Bangalore,690,5679.29,7,22,MEDIUM,2023-03-28
USR-0193,Raksha Mani,Mumbai,525,6665.19,8,23,MEDIUM,2023-01-25
USR-0194,Xavier Bhandari,Kolkata,584,23670.03,7,21,HIGH,2023-01-07
USR-0195,Upasna Chakraborty,Kolkata,693,22163.46,7,21,MEDIUM,2023-02-18
USR-0196,Triveni Mane,Pune,1547,45577.37,10,22,MEDIUM,2023-03-29
USR-0197,Michael Shroff,Pune,1613,21969.99,8,20,MEDIUM,2023-01-17
USR-0198,Ladli Vyas,Chennai,492,41475.9,8,23,LOW,2023-02-06
USR-0199,Liam Iyengar,Bangalore,1700,48556.82,10,21,HIGH,2023-01-25
USR-0200,Prisha Mittal,Chennai,1642,16817.78,7,21,MEDIUM,2023-03-12
USR-0201,Sanaya Johal,Chennai,1476,48437.47,7,20,MEDIUM,2023-02-26
USR-0202,Harita Murty,Bangalore,1718,32299.39,7,20,MEDIUM,2023-03-05
USR-0203,Ubika Merchant,Chennai,1099,4337.25,8,22,MEDIUM,2023-02-02
USR-0204,Isaiah Kaur,Delhi,50,45923.62,7,23,HIGH,2023-03-29
USR-0205,Daniel Tara,Pune,709,40512.92,8,20,LOW,2023-01-29
USR-0206,Qadim Kalita,Hyderabad,990,43823.6,8,23,MEDIUM,2023-01-07
USR-0207,Aashi Bhalla,Delhi,1019,13740.37,10,22,HIGH,2023-01-11
USR-0208,Maanav Krishna,Mumbai,1104,2222.73,7,20,LOW,2023-03-30
USR-0209,Elijah Kade,Bangalore,1207,9178.34,10,20,HIGH,2023-01-30
USR-0210,Jagrati Tripathi,Delhi,1298,9775.59,9,21,HIGH,2023-03-03
USR-0211,Yashasvi Uppal,Hyderabad,428,26182.09,7,22,HIGH,2023-03-09
USR-0212,Anita Boase,Chennai,459,22505.89,10,22,MEDIUM,2023-02-27
USR-0213,Fitan Mani,Bangalore,1593,9561.71,10,22,LOW,2023-03-27
USR-0214,Yuvraj Rastogi,Delhi,619,9940.68,9,20,MEDIUM,2023-02-06
USR-0215,Alexander Shroff,Kolkata,696,26795.2,8,23,MEDIUM,2023-03-04
USR-0216,Aishani Butala,Hyderabad,1010,42929.64,10,22,LOW,2023-02-19
USR-0217,Samar Bahl,Delhi,272,19434.59,10,20,HIGH,2023-02-28
USR-0218,Avni Varkey,Mumbai,518,40145.48,10,21,LOW,2023-02-23
USR-0219,Bahadurjit Swaminathan,Bangalore,417,14214.65,10,23,HIGH,2023-02-20
USR-0220,Upkaar Varghese,Mumbai,1638,48440.53,8,21,HIGH,2023-01-26
USR-0221,Lohit Mangat,Bangalore,1623,28440.75,10,22,HIGH,2023-01-19
USR-0222,Gautami Hegde,Delhi,828,25218.76,8,20,HIGH,2023-02-18
USR-0223,Victor Karnik,Delhi,1233,15027.85,8,21,MEDIUM,2023-02-17
USR-0224,Chakradhar Shroff,Chennai,1650,22903.18,10,21,LOW,2023-01-14
USR-0225,Yauvani Sood,Hyderabad,1728,32946.51,9,23,HIGH,2023-01-27
USR-0226,Samuel Sodhi,Pune,1014,3364.66,9,23,MEDIUM,2023-01-05
USR-0227,Rachana Subramaniam,Mumbai,1300,34699.16,10,21,HIGH,2023-03-25
USR-0228,Oni Ghosh,Delhi,260,5224.0,10,22,HIGH,2023-03-11
USR-0229,Chanakya Kuruvilla,Chennai,1386,35570.05,10,21,HIGH,2023-01-06
USR-0230,Kiaan Bhakta,Kolkata,911,22248.71,8,20,LOW,2023-03-18
USR-0231,Zilmil Chaudhary,Chennai,1397,34585.37,10,21,HIGH,2023-01-15
USR-0232,Kevin Magar,Mumbai,1626,11251.49,9,22,LOW,2023-03-01
USR-0233,Vinaya Chadha,Mumbai,1716,45291.65,10,20,LOW,2023-01-15
USR-0234,Atharv Saha,Kolkata,1000,29042.63,10,23,MEDIUM,2023-02-11
USR-0235,Madhav Tailor,Pune,1322,40961.47,9,20,LOW,2023-02-04
USR-0236,Vaishnavi Kannan,Hyderabad,642,14606.87,10,23,HIGH,2023-01-26
USR-0237,Aachal Bhatnagar,Mumbai,473,26718.47,10,21,LOW,2023-03-28
USR-0238,Sathvik Nair,Kolkata,162,45348.9,9,22,LOW,2023-03-16
USR-0239,Tanay Rout,Chennai,306,13179.68,7,20,HIGH,2023-01-14
USR-0240,Dalbir Mane,Bangalore,531,8018.34,7,20,LOW,2023-03-27
USR-0241,Ekanta Varghese,Mumbai,1313,24646.73,7,21,HIGH,2023-01-09
USR-0242,Caleb Baria,Mumbai,491,8496.38,8,23,HIGH,2023-01-21
USR-0243,Zashil Balay,Mumbai,1237,32767.08,8,22,HIGH,2023-02-25
USR-0244,Neel Maharaj,Chennai,224,25001.08,9,20,HIGH,2023-03-07
USR-0245,Avi Khare,Kolkata,405,26129.28,10,23,MEDIUM,2023-02-16
USR-0246,Kala Ray,Kolkata,1423,17017.53,10,22,LOW,2023-01-26
USR-0247,Ladli Mody,Pune,1304,30037.6,7,21,LOW,2023-01-01
USR-0248,Arunima Raman,Mumbai,1044,47174.47,10,21,LOW,2023-01-23
USR-0249,Vedhika Master,Chennai,1194,13889.73,7,23,MEDIUM,2023-02-24
USR-0250,Radha Balan,Hyderabad,657,36189.29,8,22,LOW,2023-02-20
USR-0251,Saumya Tara,Chennai,1608,49437.97,8,23,MEDIUM,2023-01-07
USR-0252,Forum Bava,Pune,1159,32294.91,7,23,MEDIUM,2023-02-16
USR-0253,Vansha Kumar,Mumbai,1425,11256.97,9,22,HIGH,2023-03-13
USR-0254,Charles Atwal,Mumbai,1639,2143.92,9,23,HIGH,2023-03-25
USR-0255,Hamsini Brar,Delhi,1335,37208.11,9,21,LOW,2023-03-01
USR-0256,Zinal Hans,Bangalore,242,45756.13,8,22,LOW,2023-01-26
USR-0257,Aryan Bumb,Kolkata,685,49866.21,10,20,MEDIUM,2023-01-15
USR-0258,Amaira Padmanabhan,Mumbai,288,42542.72,10,20,LOW,2023-03-28
USR-0259,Oscar Sem,Hyderabad,1295,10012.37,7,21,LOW,2023-02-11
USR-0260,Deepa Gill,Hyderabad,937,30825.15,9,21,LOW,2023-02-12
USR-0261,Ucchal Guha,Mumbai,645,45454.3,10,21,MEDIUM,2023-03-15
USR-0262,Upkaar Atwal,Bangalore,302,32264.17,7,21,LOW,2023-03-14
USR-0263,Gayathri Arora,Pune,910,31180.64,9,23,HIGH,2023-02-21
USR-0264,Tanveer Dua,Chennai,1734,36220.87,10,23,LOW,2023-03-05
USR-0265,Jairaj Bhandari,Bangalore,1648,4758.17,9,23,MEDIUM,2023-01-28
USR-0266,Saksham Taneja,Hyderabad,591,37499.69,10,22,MEDIUM,2023-02-25
USR-0267,Niharika Kant,Delhi,1134,18759.75,9,21,LOW,2023-01-21
USR-0268,Advaith Gala,Mumbai,672,42686.94,10,23,HIGH,2023-03-17
USR-0269,Matthew Ben,Hyderabad,681,5223.15,9,23,LOW,2023-02-09
USR-0270,Owen Samra,Chennai,985,24772.3,9,22,MEDIUM,2023-02-03
USR-0271,Tripti Purohit,Bangalore,228,46909.34,8,20,HIGH,2023-03-06
USR-0272,Rishi Chakraborty,Hyderabad,363,17659.7,8,23,MEDIUM,2023-01-09
USR-0273,Irya Char,Pune,855,46625.05,9,20,LOW,2023-01-21
USR-0274,Eiravati Chaudhry,Chennai,957,38037.33,9,20,LOW,2023-03-04
USR-0275,William Khanna,Chennai,433,9422.51,7,23,MEDIUM,2023-02-21
USR-0276,Falguni Rajagopal,Kolkata,213,26178.09,10,22,MEDIUM,2023-01-17
USR-0277,Udyati Borah,Mumbai,718,12571.48,9,20,HIGH,2023-03-11
USR-0278,Rishi Mistry,Mumbai,1125,18873.4,9,20,MEDIUM,2023-02-26
USR-0279,Ronith Dhar,Chennai,893,20415.59,9,21,MEDIUM,2023-02-10
USR-0280,Vidhi Lalla,Pune,1023,34547.07,9,21,MEDIUM,2023-01-19
USR-0281,Kala Chand,Delhi,1264,36357.87,8,23,LOW,2023-02-21
USR-0282,Aryan Swamy,Chennai,1560,18046.65,8,21,HIGH,2023-02-17
USR-0283,Janani Pai,Delhi,483,39776.69,7,22,HIGH,2023-03-16
USR-0284,Samarth Sha,Hyderabad,511,24187.57,9,20,LOW,2023-01-30
USR-0285,Jeremiah Oak,Kolkata,774,18530.99,8,21,MEDIUM,2023-03-26
USR-0286,Onveer Ram,Delhi,1526,44663.1,8,20,HIGH,2023-01-27
USR-0287,Janaki Kumar,Delhi,630,19937.79,7,22,HIGH,2023-03-05
USR-0288,Rachit Mandal,Hyderabad,807,43380.61,9,23,MEDIUM,2023-03-04
USR-0289,Patrick Bhargava,Pune,1529,7956.53,9,23,MEDIUM,2023-01-12
USR-0290,Kashvi Sodhi,Bangalore,916,8296.78,10,21,HIGH,2023-03-24
USR-0291,William Lad,Kolkata,190,13733.03,10,22,LOW,2023-02-20
USR-0292,Ekbal Varty,Pune,301,43695.92,8,21,HIGH,2023-01-20
USR-0293,Reva Kumar,Pune,1234,37994.25,7,20,HIGH,2023-01-09
USR-0294,Rajata Subramaniam,Delhi,199,3908.72,10,21,HIGH,2023-01-09
USR-0295,Rachit Kurian,Bangalore,1058,9920.9,8,20,LOW,2023-01-29
USR-0296,Ekanta Mody,Pune,1518,33761.85,7,21,LOW,2023-03-11
USR-0297,Zashil Naidu,Bangalore,1129,9079.72,8,23,HIGH,2023-02-27
USR-0298,Jagdish Kumar,Bangalore,338,7144.23,10,23,MEDIUM,2023-01-22
USR-0299,Chatura Rege,Pune,1397,27992.4,10,22,MEDIUM,2023-02-05
USR-0300,Aachal Bora,Kolkata,1061,11669.94,7,23,LOW,2023-02-12
USR-0301,Ekavir Upadhyay,Chennai,228,18293.65,7,21,LOW,2023-02-13
USR-0302,Sneha Hayre,Hyderabad,1183,36170.67,7,20,HIGH,2023-01-08
USR-0303,Alexander Kala,Delhi,525,18449.3,9,20,LOW,2023-01-16
USR-0304,Daksh Mutti,Bangalore,904,49052.97,9,22,MEDIUM,2023-01-30
USR-0305,Girik Sarna,Chennai,991,24460.21,7,21,MEDIUM,2023-03-27
USR-0306,Anika Chana,Chennai,826,22892.08,7,21,HIGH,2023-02-19
USR-0307,Aishani Lall,Bangalore,459,24128.65,8,23,HIGH,2023-01-05
USR-0308,Benjamin Bains,Mumbai,845,9849.14,7,22,MEDIUM,2023-02-21
USR-0309,Aachal Banerjee,Mumbai,1551,42480.21,8,20,MEDIUM,2023-01-21
USR-0310,Daksha Pant,Delhi,77,22243.48,7,22,MEDIUM,2023-03-03
USR-0311,Zehaan Kota,Bangalore,1008,6883.24,7,23,MEDIUM,2023-01-16
USR-0312,Kashish Zachariah,Kolkata,1390,38962.09,8,22,HIGH,2023-03-10
USR-0313,Janani Chawla,Bangalore,379,25392.82,8,23,HIGH,2023-01-18
USR-0314,Damyanti Sarraf,Pune,266,12446.82,10,21,LOW,2023-03-08
USR-0315,Ekaraj Andra,Kolkata,955,3919.92,8,23,MEDIUM,2023-01-11
USR-0316,Anvi Garde,Kolkata,1360,6135.73,10,23,MEDIUM,2023-03-25
USR-0317,Vansha Swamy,Hyderabad,1619,13278.86,10,23,LOW,2023-03-14
USR-0318,Onveer Chowdhury,Hyderabad,724,33082.32,8,23,HIGH,2023-03-05
USR-0319,Samar Malhotra,Kolkata,659,47358.44,10,20,LOW,2023-03-17
USR-0320,Raghav Doshi,Delhi,1671,13461.48,10,21,HIGH,2023-03-03
USR-0321,Zaid Sridhar,Hyderabad,606,8238.84,8,23,HIGH,2023-01-21
USR-0322,Saanvi Raja,Mumbai,1417,13440.97,8,22,MEDIUM,2023-03-30
USR-0323,Dalaja Bhavsar,Kolkata,874,22533.2,9,21,HIGH,2023-01-09
USR-0324,Ubika Mani,Hyderabad,928,26099.66,8,22,HIGH,2023-03-19
USR-0325,Tanmayi Sane,Chennai,980,48632.13,10,20,LOW,2023-03-23
USR-0326,Reyansh Sandhu,Mumbai,278,5598.11,8,22,HIGH,2023-03-26
USR-0327,Vasana Jhaveri,Mumbai,602,14115.52,9,23,LOW,2023-03-09
USR-0328,Ranbir Warrior,Bangalore,1737,42287.33,8,22,LOW,2023-01-12
USR-0329,Matthew Gaba,Delhi,183,37776.98,7,21,MEDIUM,2023-02-21
USR-0330,Benjamin Padmanabhan,Kolkata,782,3553.82,7,21,LOW,2023-03-21
USR-0331,Chakradhar Sawhney,Bangalore,671,4709.48,9,20,MEDIUM,2023-02-22
USR-0332,George Zachariah,Kolkata,1313,42667.16,8,23,HIGH,2023-01-13
USR-0333,Gaurika Ghosh,Delhi,301,24207.9,8,22,HIGH,2023-03-08
USR-0334,Ekansh Vora,Mumbai,1634,44390.4,8,20,MEDIUM,2023-03-20
USR-0335,Qasim Bera,Bangalore,229,17424.04,9,23,HIGH,2023-03-05
USR-0336,Chandran Bhargava,Chennai,189,49710.57,7,23,LOW,2023-03-01
USR-0337,Vansha Ramakrishnan,Kolkata,740,33823.98,9,23,HIGH,2023-02-01
USR-0338,Siya Gokhale,Pune,1470,25459.6,8,21,HIGH,2023-01-11
USR-0339,Girindra Atwal,Hyderabad,615,9471.7,7,23,LOW,2023-01-11
USR-0340,Qabil Comar,Hyderabad,226,11335.41,10,21,LOW,2023-01-18
USR-0341,Chaitaly Bahl,Mumbai,1192,13983.83,8,23,MEDIUM,2023-03-08
USR-0342,Lucky Kalita,Bangalore,1797,22788.02,8,23,HIGH,2023-02-26
USR-0343,Raghav Jaggi,Bangalore,1029,22513.24,8,21,LOW,2023-02-21
USR-0344,Yashawini Chandra,Chennai,295,18337.44,7,21,LOW,2023-02-19
USR-0345,Pranit Majumdar,Hyderabad,917,39050.2,8,21,HIGH,2023-01-20
USR-0346,Matthew Ratta,Bangalore,620,36425.65,8,22,MEDIUM,2023-01-12
USR-0347,Harrison Hayre,Mumbai,1628,14194.3,10,20,MEDIUM,2023-01-29
USR-0348,Tripti Rao,Mumbai,1250,31868.99,7,22,LOW,2023-03-30
USR-0349,Umang Varkey,Pune,1170,31664.34,8,23,HIGH,2023-01-01
USR-0350,Bahadurjit Wagle,Hyderabad,1159,886.03,9,23,LOW,2023-01-15
USR-0351,Rushil Biswas,Delhi,326,37731.22,10,23,LOW,2023-02-01
USR-0352,Unnati Krish,Delhi,564,46145.12,7,20,MEDIUM,2023-03-15
USR-0353,Anvi Prasad,Delhi,375,45896.91,7,22,HIGH,2023-03-27
USR-0354,Jacob Bala,Kolkata,1377,31975.25,10,23,HIGH,2023-02-20
USR-0355,Zinal Devan,Chennai,594,5340.26,10,21,MEDIUM,2023-01-26
USR-0356,Rachita Bhatti,Kolkata,1066,11433.71,8,22,MEDIUM,2023-02-12
USR-0357,Neel Bail,Kolkata,1491,35497.51,8,21,HIGH,2023-03-01
USR-0358,Thomas Chana,Pune,640,38870.5,10,20,MEDIUM,2023-02-05
USR-0359,Jason Loke,Kolkata,1098,3911.72,8,20,HIGH,2023-01-01
USR-0360,Pushti Bajwa,Chennai,279,37435.79,9,22,LOW,2023-03-26
USR-0361,Eshana Aggarwal,Bangalore,392,9338.47,7,23,HIGH,2023-03-20
USR-0362,Mugdha Srinivasan,Delhi,57,49773.32,10,22,HIGH,2023-03-28
USR-0363,Zansi Iyer,Mumbai,1647,12377.04,9,20,HIGH,2023-01-29
USR-0364,Ojasvi Divan,Pune,404,38063.53,7,20,MEDIUM,2023-01-23
USR-0365,Vivaan Thakkar,Bangalore,455,6358.79,10,23,MEDIUM,2023-02-14
USR-0366,Warjas Sarkar,Bangalore,1712,37699.93,7,22,MEDIUM,2023-03-18
USR-0367,Eesha Hayer,Delhi,1596,33128.22,9,22,HIGH,2023-01-23
USR-0368,Madhav Raju,Pune,338,15028.64,10,23,HIGH,2023-01-25
USR-0369,Rishi Chaudhary,Chennai,1117,34563.72,7,20,HIGH,2023-03-12
USR-0370,Nidhi Pathak,Kolkata,1436,24781.8,10,23,HIGH,2023-03-13
USR-0371,Vaishnavi Bhagat,Kolkata,833,9664.63,9,20,MEDIUM,2023-01-13
USR-0372,Chakradev Verma,Pune,1017,26300.12,7,20,MEDIUM,2023-01-27
USR-0373,Advaith Palan,Chennai,54,43158.57,8,20,HIGH,2023-02-24
USR-0374,Onveer Bhasin,Mumbai,1059,10073.98,7,22,HIGH,2023-01-13
USR-0375,Chavvi Ganesh,Delhi,417,33492.66,7,22,LOW,2023-02-06
USR-0376,Joshua Ramachandran,Hyderabad,1542,3916.22,10,23,MEDIUM,2023-03-03
USR-0377,Vrinda Narang,Mumbai,1399,28396.82,8,22,MEDIUM,2023-03-05
USR-0378,Edhitha Zacharia,Chennai,1051,22742.87,9,21,LOW,2023-01-23
USR-0379,Advaith Dora,Kolkata,1016,13454.54,9,21,LOW,2023-01-16
USR-0380,David Murthy,Pune,343,31068.13,9,21,LOW,2023-01-03
USR-0381,Yuvraj Loyal,Chennai,55,35495.11,9,22,HIGH,2023-01-31
USR-0382,Tripti Mani,Mumbai,1101,913.45,7,22,MEDIUM,2023-03-13
USR-0383,Aadhya Kara,Mumbai,1427,21881.22,9,21,MEDIUM,2023-02-20
USR-0384,Upma Sagar,Hyderabad,267,2175.25,7,23,MEDIUM,2023-02-11
USR-0385,Arya Sankar,Bangalore,1203,7385.61,8,20,LOW,2023-01-05
USR-0386,Kashish Khurana,Bangalore,1112,1764.36,9,20,LOW,2023-01-20
USR-0387,Avni Muni,Delhi,305,7532.94,7,21,LOW,2023-03-01
USR-0388,Gauri Rege,Bangalore,892,34358.59,10,22,MEDIUM,2023-01-31
USR-0389,Janya Dua,Delhi,1714,21975.31,10,22,LOW,2023-03-19
USR-0390,Baghyawati Dass,Chennai,568,32898.19,9,21,MEDIUM,2023-02-09
USR-0391,Ekiya Datta,Pune,1461,21937.12,9,22,LOW,2023-02-08
USR-0392,Oviya Basu,Bangalore,1794,33055.61,10,22,LOW,2023-02-13
USR-0393,Balveer Pai,Delhi,1312,40996.53,8,23,HIGH,2023-01-06
USR-0394,Ria Buch,Mumbai,1497,3906.24,10,23,LOW,2023-01-14
USR-0395,Ojasvi Narayanan,Chennai,1719,22784.43,10,21,LOW,2023-01-27
USR-0396,Niharika Dara,Hyderabad,995,16021.28,10,21,HIGH,2023-01-22
USR-0397,Fiyaz Dua,Delhi,75,5080.79,8,22,HIGH,2023-02-05
USR-0398,Nidra Gole,Delhi,1785,21895.03,10,20,LOW,2023-01-21
USR-0399,Robert Sanghvi,Hyderabad,915,48648.28,10,21,HIGH,2023-02-03
USR-0400,Omaja Hari,Pune,912,23994.46,8,22,LOW,2023-01-28
USR-0401,Maanas Comar,Kolkata,1226,44256.11,8,23,LOW,2023-02-26
USR-0402,Mohammed Rege,Delhi,726,23686.73,7,23,LOW,2023-01-22
USR-0403,Waida Rege,Mumbai,783,49971.82,10,20,HIGH,2023-01-21
USR-0404,Eta Vig,Mumbai,1165,18485.96,8,21,HIGH,2023-03-18
USR-0405,Vasudha Handa,Mumbai,1640,22708.49,9,22,MEDIUM,2023-02-18
USR-0406,Wridesh Lad,Pune,465,28628.02,7,21,MEDIUM,2023-01-29
USR-0407,Mohammed Aggarwal,Hyderabad,453,48828.32,8,22,HIGH,2023-02-12
USR-0408,Kevin Contractor,Delhi,1483,22713.38,9,23,LOW,2023-01-13
USR-0409,Maya Puri,Chennai,1461,19545.89,9,20,MEDIUM,2023-02-01
USR-0410,Ishwar Garg,Delhi,295,20409.25,10,23,MEDIUM,2023-01-19
USR-0411,Oscar Vora,Pune,999,8209.11,9,20,MEDIUM,2023-01-09
USR-0412,Jeremiah Wagle,Kolkata,1268,21223.32,8,23,HIGH,2023-01-22
USR-0413,Brinda Ravel,Pune,830,26052.73,10,23,HIGH,2023-02-03
USR-0414,Isaiah Kibe,Pune,526,18186.23,10,23,HIGH,2023-02-28
USR-0415,Shaurya Saini,Hyderabad,305,17542.19,9,22,HIGH,2023-01-24
USR-0416,Zashil Bandi,Hyderabad,969,49393.29,7,23,LOW,2023-01-14
USR-0417,Xalak Kala,Bangalore,1318,45747.51,8,21,LOW,2023-03-25
USR-0418,Chanakya Dewan,Chennai,722,20480.87,8,23,LOW,2023-01-08
USR-0419,Thomas Sachar,Chennai,1505,28062.25,7,23,MEDIUM,2023-02-18
USR-0420,Chaaya Toor,Hyderabad,491,13363.14,10,23,LOW,2023-03-18
USR-0421,Unni Nadig,Hyderabad,1391,28400.18,10,21,LOW,2023-01-09
USR-0422,Rudra Mani,Bangalore,365,7551.92,9,21,LOW,2023-01-11
USR-0423,Ishanvi Dua,Delhi,366,29599.76,7,23,LOW,2023-02-09
USR-0424,Reyansh Lalla,Pune,1447,24602.89,8,21,MEDIUM,2023-01-21
USR-0425,Chanakya Chandra,Bangalore,1402,37935.43,7,23,MEDIUM,2023-01-16
USR-0426,Timothy Patla,Kolkata,403,31416.31,7,20,HIGH,2023-02-08
USR-0427,Sarthak Narayanan,Kolkata,1259,21577.73,9,22,MEDIUM,2023-01-30
USR-0428,Tanmayi Natarajan,Delhi,136,39540.92,9,23,MEDIUM,2023-02-03
USR-0429,Fitan Mahajan,Pune,1224,27341.58,7,23,LOW,2023-01-08
USR-0430,Devika Bedi,Delhi,1662,23303.53,8,23,MEDIUM,2023-02-07
USR-0431,Lakshit Pai,Chennai,1792,7954.02,10,20,HIGH,2023-02-04
USR-0432,Oviya Chandra,Delhi,753,40680.97,10,23,HIGH,2023-01-22
USR-0433,Mugdha Naik,Kolkata,1454,41200.0,8,22,MEDIUM,2023-03-01
USR-0434,Aarav Bedi,Bangalore,1226,2196.64,10,21,LOW,2023-01-31
USR-0435,Veer Jani,Mumbai,944,40697.18,10,21,HIGH,2023-01-31
USR-0436,Liam Palan,Hyderabad,483,20997.97,8,21,LOW,2023-02-25
USR-0437,Ishwar Chakraborty,Kolkata,913,6733.24,9,23,LOW,2023-02-28
USR-0438,Bhavani Samra,Pune,1748,18406.1,8,23,LOW,2023-01-11
USR-0439,Leena Samra,Kolkata,733,4762.16,7,23,HIGH,2023-02-17
USR-0440,Sai Kamdar,Kolkata,418,19058.64,10,21,MEDIUM,2023-01-21
USR-0441,Nachiket Nigam,Pune,567,39732.64,10,20,HIGH,2023-02-10
USR-0442,Ethan Baria,Bangalore,1724,5669.54,8,22,HIGH,2023-03-25
USR-0443,Maanav Char,Kolkata,921,43197.09,9,22,HIGH,2023-01-23
USR-0444,Onveer Kale,Bangalore,847,11879.95,10,20,HIGH,2023-03-15
USR-0445,Mitesh Merchant,Pune,604,28818.88,9,21,HIGH,2023-03-07
USR-0446,Krisha Pillai,Pune,901,17656.72,10,22,HIGH,2023-03-03
USR-0447,Balvan Kohli,Kolkata,447,19030.33,10,22,LOW,2023-01-08
USR-0448,Daksha Kuruvilla,Mumbai,1797,41052.95,9,22,LOW,2023-01-07
USR-0449,Yoshita Gala,Delhi,1456,2372.69,9,20,HIGH,2023-02-28
USR-0450,Arunima Sarin,Pune,1316,24115.15,9,20,HIGH,2023-03-29
USR-0451,Amara Balay,Pune,1062,20700.41,9,20,MEDIUM,2023-02-13
USR-0452,Yuvraj Brar,Bangalore,522,24714.89,10,20,LOW,2023-03-28
USR-0453,Devansh Rana,Bangalore,1773,29256.12,9,22,MEDIUM,2023-02-04
USR-0454,Jyoti Vig,Bangalore,1063,13799.51,9,23,LOW,2023-03-12
USR-0455,Anvi Bala,Chennai,231,19722.51,9,21,MEDIUM,2023-01-04
USR-0456,Anvi Badami,Bangalore,1393,11526.53,8,22,HIGH,2023-03-03
USR-0457,Meera Puri,Mumbai,827,19627.19,9,21,MEDIUM,2023-02-12
USR-0458,Brijesh Gola,Kolkata,111,1027.24,8,22,LOW,2023-02-16
USR-0459,Ishanvi Chada,Delhi,767,767.15,9,22,LOW,2023-01-04
USR-0460,Mekhala Bhargava,Delhi,408,46750.94,9,23,MEDIUM,2023-02-16
USR-0461,Sai Gopal,Pune,1049,46269.97,10,22,MEDIUM,2023-02-16
USR-0462,Yahvi Dubey,Mumbai,1398,7704.12,7,22,MEDIUM,2023-03-03
USR-0463,Yashodhara Murthy,Kolkata,1115,11645.6,9,20,HIGH,2023-03-12
USR-0464,Idika Kunda,Bangalore,865,38071.95,9,20,HIGH,2023-02-21
USR-0465,Sathvik Sundaram,Hyderabad,742,27026.22,10,20,HIGH,2023-02-24
USR-0466,Ronith Hayre,Pune,1290,33157.57,9,20,LOW,2023-03-26
USR-0467,Matthew Kuruvilla,Delhi,276,34348.45,10,22,HIGH,2023-03-19
USR-0468,Arin Sodhi,Hyderabad,1720,41160.31,10,20,HIGH,2023-03-20
USR-0469,Sanaya Nayar,Pune,569,30480.42,7,22,HIGH,2023-02-04
USR-0470,Karan Chadha,Pune,1158,42300.98,9,22,MEDIUM,2023-03-30
USR-0471,Vivaan Banik,Bangalore,971,47975.54,9,22,HIGH,2023-02-27
USR-0472,Hitesh Nagar,Delhi,70,9202.19,10,21,HIGH,2023-03-06
USR-0473,Mekhala Mall,Mumbai,359,40515.9,9,23,LOW,2023-03-30
USR-0474,Kai Shroff,Bangalore,1109,39427.49,8,21,MEDIUM,2023-03-25
USR-0475,Jeremiah Vala,Delhi,398,49341.36,7,22,LOW,2023-03-06
USR-0476,Nicholas Devan,Pune,863,49677.36,10,23,MEDIUM,2023-02-05
USR-0477,Urvashi Tiwari,Hyderabad,377,24914.21,8,21,MEDIUM,2023-03-11
USR-0478,Aadi Bhattacharyya,Hyderabad,868,20199.63,8,23,LOW,2023-02-05
USR-0479,Ranveer Sahni,Bangalore,1366,26931.77,10,23,HIGH,2023-02-15
USR-0480,Victor Pant,Pune,1508,42697.04,8,20,MEDIUM,2023-03-24
USR-0481,Abha Walia,Bangalore,846,33843.83,9,20,MEDIUM,2023-01-18
USR-0482,Joshua Krishna,Mumbai,1164,47929.44,9,23,LOW,2023-02-25
USR-0483,Rishi Bera,Pune,237,26960.81,10,20,HIGH,2023-02-03
USR-0484,Vrishti Mitra,Delhi,55,10170.12,7,20,MEDIUM,2023-02-27
USR-0485,Radhika Devi,Delhi,1151,35278.44,9,22,HIGH,2023-02-12
USR-0486,Pallavi Sastry,Kolkata,1276,27392.17,7,21,HIGH,2023-01-05
USR-0487,Irya Luthra,Delhi,952,8167.9,7,23,MEDIUM,2023-03-03
USR-0488,Sneha Walia,Delhi,156,28404.46,7,21,MEDIUM,2023-02-25
USR-0489,Janaki Balay,Mumbai,1091,21176.59,7,23,HIGH,2023-02-07
USR-0490,Aarush Sagar,Chennai,1634,10464.19,7,22,LOW,2023-01-16
USR-0491,Chandani Badami,Chennai,1437,9735.36,9,23,LOW,2023-01-25
USR-0492,Vyanjana Dewan,Delhi,1733,12265.78,8,22,HIGH,2023-01-10
USR-0493,Arjun Madan,Hyderabad,1558,36205.25,9,22,LOW,2023-03-03
USR-0494,Yadavi Ghose,Kolkata,1175,2026.91,7,20,HIGH,2023-02-14
USR-0495,Gaurav Vaidya,Hyderabad,818,13406.32,9,23,HIGH,2023-03-27
USR-0496,Devansh Garde,Kolkata,1519,43474.23,8,20,LOW,2023-02-11
USR-0497,Lila Kunda,Hyderabad,535,12564.87,9,21,HIGH,2023-01-27
USR-0498,Balhaar Raval,Kolkata,373,25586.57,9,21,HIGH,2023-01-03
USR-0499,Alka Narayanan,Bangalore,1247,37337.65,7,23,HIGH,2023-03-21
USR-0500,Aarav Venkatesh,Pune,678,10731.07,7,20,MEDIUM,2023-02-13
